{"mean": [13.815946002446857, 13.655341472281862, 14.553975745300855], "var": [1375793.8500529677, 1294901.4013289963, 1768316.874358202]}